year,total_ba,expenditure
2001,116690.5,202267
2002,129713.9,226758
2003,470613.6,245824
2004,148180.1,248227
2005,344505.2,276341
2006,79485.8,285101
2007,33989.1,295995
2008,17349.8,310253
2009,90485.7,306098
2010,138739.2,316262
2011,74630.9,319707
2012,116154.4,317299
2013,156633.7,318522
2014,21092.6,327973
2015,64932.6,359532
2016,105478.04142314782,368083
2017,514395.9039559986,411799
2018,39852.652042094036,428457
2019,40145.49723058378,448316
2020,66196.33146892845,446477
